{"cameraMode":{"drawMode":0,"name":"Shaded","section":"Shading Mode"},"sceneLighting":false,"audioPlay":false,"sceneViewState":{"m_AlwaysRefresh":true,"showFog":true,"showSkybox":false,"showFlares":true,"showImageEffects":true,"showParticleSystems":true,"showVisualEffectGraphs":true,"m_FxEnabled":true},"in2DMode":false,"pivot":{"x":-0.5920994281768799,"y":1.7689958810806275,"z":-2.074467420578003},"rotation":{"x":-0.004782792646437883,"y":-0.9923924207687378,"z":-0.11782994866371155,"w":0.03829345479607582},"size":2.095611572265625,"orthographic":false}