{"cameraMode":{"drawMode":0,"name":"Shaded","section":"Shading Mode"},"sceneLighting":false,"audioPlay":false,"sceneViewState":{"m_AlwaysRefresh":false,"showFog":true,"showSkybox":false,"showFlares":true,"showImageEffects":true,"showParticleSystems":true,"showVisualEffectGraphs":true,"m_FxEnabled":true},"in2DMode":false,"pivot":{"x":-1.8420089483261109,"y":0.3955134153366089,"z":1.0562191009521485},"rotation":{"x":0.07455871999263764,"y":-0.13390490412712098,"z":0.010100510902702809,"w":0.9881529211997986},"size":2.7602765560150148,"orthographic":false}