{"cameraMode":{"drawMode":0,"name":"Shaded","section":"Shading Mode"},"sceneLighting":false,"audioPlay":false,"sceneViewState":{"m_AlwaysRefresh":true,"showFog":true,"showSkybox":false,"showFlares":true,"showImageEffects":true,"showParticleSystems":true,"showVisualEffectGraphs":true,"m_FxEnabled":true},"in2DMode":false,"pivot":{"x":-0.013666808605194092,"y":0.8391330242156982,"z":0.19229483604431153},"rotation":{"x":0.09751372039318085,"y":-0.8554248809814453,"z":0.1745925098657608,"w":0.47801199555397036},"size":2.2974960803985597,"orthographic":false}