{"cameraMode":{"drawMode":0,"name":"Shaded","section":"Shading Mode"},"sceneLighting":false,"audioPlay":false,"sceneViewState":{"m_AlwaysRefresh":false,"showFog":true,"showSkybox":false,"showFlares":true,"showImageEffects":true,"showParticleSystems":true,"showVisualEffectGraphs":true,"m_FxEnabled":true},"in2DMode":false,"pivot":{"x":0.05520951747894287,"y":-0.14476698637008668,"z":-1.5402846336364747},"rotation":{"x":0.07455871999263764,"y":-0.13390490412712098,"z":0.010100510902702809,"w":0.9881529211997986},"size":1.3826383352279664,"orthographic":false}