{"cameraMode":{"drawMode":0,"name":"Shaded","section":"Shading Mode"},"sceneLighting":false,"audioPlay":false,"sceneViewState":{"m_AlwaysRefresh":true,"showFog":true,"showSkybox":false,"showFlares":true,"showImageEffects":true,"showParticleSystems":true,"showVisualEffectGraphs":true,"m_FxEnabled":true},"in2DMode":false,"pivot":{"x":-2.8666296005249025,"y":-0.23586714267730714,"z":5.921786308288574},"rotation":{"x":-0.13675007224082948,"y":0.38234540820121767,"z":-0.05730019882321358,"w":-0.9121066331863403},"size":6.885056972503662,"orthographic":false}