{"cameraMode":{"drawMode":0,"name":"Shaded","section":"Shading Mode"},"sceneLighting":false,"audioPlay":false,"sceneViewState":{"m_AlwaysRefresh":true,"showFog":true,"showSkybox":false,"showFlares":true,"showImageEffects":true,"showParticleSystems":true,"showVisualEffectGraphs":true,"m_FxEnabled":true},"in2DMode":false,"pivot":{"x":0.01099628210067749,"y":0.031057119369506837,"z":0.040407419204711917},"rotation":{"x":-0.13675007224082948,"y":0.38234540820121767,"z":-0.05730019882321358,"w":-0.9121066331863403},"size":0.9600151777267456,"orthographic":false}