{"cameraMode":{"drawMode":0,"name":"Shaded","section":"Shading Mode"},"sceneLighting":false,"audioPlay":false,"sceneViewState":{"m_AlwaysRefresh":true,"showFog":true,"showSkybox":false,"showFlares":true,"showImageEffects":true,"showParticleSystems":true,"showVisualEffectGraphs":true,"m_FxEnabled":true},"in2DMode":false,"pivot":{"x":5.309110641479492,"y":2.13834285736084,"z":-4.7985124588012699},"rotation":{"x":-0.0586261972784996,"y":0.23237016797065736,"z":-0.014009872451424599,"w":-0.9708132743835449},"size":0.11435443162918091,"orthographic":false}