{"cameraMode":{"drawMode":0,"name":"Shaded","section":"Shading Mode"},"sceneLighting":false,"audioPlay":false,"sceneViewState":{"m_AlwaysRefresh":true,"showFog":true,"showSkybox":false,"showFlares":true,"showImageEffects":true,"showParticleSystems":true,"showVisualEffectGraphs":true,"m_FxEnabled":true},"in2DMode":false,"pivot":{"x":3.8022375106811525,"y":-2.8200178146362306,"z":-12.476333618164063},"rotation":{"x":0.15731139481067658,"y":0.09409326314926148,"z":0.015087821520864964,"w":-0.9829962253570557},"size":0.000017320508050033823,"orthographic":false}