{"cameraMode":{"drawMode":0,"name":"Shaded","section":"Shading Mode"},"sceneLighting":false,"audioPlay":false,"sceneViewState":{"m_AlwaysRefresh":true,"showFog":true,"showSkybox":false,"showFlares":true,"showImageEffects":true,"showParticleSystems":true,"showVisualEffectGraphs":true,"m_FxEnabled":true},"in2DMode":false,"pivot":{"x":-0.11444992572069168,"y":0.42827802896499636,"z":0.2681093215942383},"rotation":{"x":-0.13675007224082948,"y":0.38234540820121767,"z":-0.05730019882321358,"w":-0.9121066331863403},"size":0.741723895072937,"orthographic":false}