{"cameraMode":{"drawMode":0,"name":"Shaded","section":"Shading Mode"},"sceneLighting":false,"audioPlay":false,"sceneViewState":{"m_AlwaysRefresh":true,"showFog":true,"showSkybox":false,"showFlares":true,"showImageEffects":true,"showParticleSystems":true,"showVisualEffectGraphs":true,"m_FxEnabled":true},"in2DMode":false,"pivot":{"x":-0.03936383128166199,"y":0.7567391395568848,"z":0.10799677670001984},"rotation":{"x":-0.13675007224082948,"y":0.38234540820121767,"z":-0.05730019882321358,"w":-0.9121066331863403},"size":0.8545482754707336,"orthographic":false}