{"cameraMode":{"drawMode":0,"name":"Shaded","section":"Shading Mode"},"sceneLighting":false,"audioPlay":false,"sceneViewState":{"m_AlwaysRefresh":true,"showFog":true,"showSkybox":false,"showFlares":true,"showImageEffects":true,"showParticleSystems":true,"showVisualEffectGraphs":true,"m_FxEnabled":true},"in2DMode":false,"pivot":{"x":0.250138521194458,"y":1.4023871421813965,"z":0.4663504958152771},"rotation":{"x":0.03843005746603012,"y":-0.8780722618103027,"z":0.07156611233949661,"w":0.47183069586753847},"size":3.739764928817749,"orthographic":false}