{"cameraMode":{"drawMode":0,"name":"Shaded","section":"Shading Mode"},"sceneLighting":false,"audioPlay":false,"sceneViewState":{"m_AlwaysRefresh":true,"showFog":true,"showSkybox":false,"showFlares":true,"showImageEffects":true,"showParticleSystems":true,"showVisualEffectGraphs":true,"m_FxEnabled":true},"in2DMode":false,"pivot":{"x":0.04801034927368164,"y":0.1097843125462532,"z":-0.30243390798568728},"rotation":{"x":-0.27876681089401247,"y":0.4712950885295868,"z":-0.16025179624557496,"w":-0.8214515447616577},"size":0.7811284065246582,"orthographic":false}