{"cameraMode":{"drawMode":0,"name":"Shaded","section":"Shading Mode"},"sceneLighting":false,"audioPlay":false,"sceneViewState":{"m_AlwaysRefresh":true,"showFog":true,"showSkybox":false,"showFlares":true,"showImageEffects":true,"showParticleSystems":true,"showVisualEffectGraphs":true,"m_FxEnabled":true},"in2DMode":false,"pivot":{"x":0.25075438618659975,"y":-2.836028575897217,"z":-4.54705810546875},"rotation":{"x":0.27790749073028567,"y":0.02394225262105465,"z":0.006960942409932613,"w":-0.9603418111801148},"size":0.000017320508050033823,"orthographic":false}