{"cameraMode":{"drawMode":0,"name":"Shaded","section":"Shading Mode"},"sceneLighting":false,"audioPlay":false,"sceneViewState":{"m_AlwaysRefresh":true,"showFog":true,"showSkybox":false,"showFlares":true,"showImageEffects":true,"showParticleSystems":true,"showVisualEffectGraphs":true,"m_FxEnabled":true},"in2DMode":false,"pivot":{"x":0.17249518632888795,"y":5.076206207275391,"z":-0.17320924997329713},"rotation":{"x":-0.13675007224082948,"y":0.38234540820121767,"z":-0.05730019882321358,"w":-0.9121066331863403},"size":5.958028793334961,"orthographic":false}